<countries>
    <country code="NO" iso="578" name="Norge" />
    <country code="AF" iso="4" name="Afghanistan" />
    <country code="AL" iso="8" name="Albania" />
    <country code="DZ" iso="12" name="Algerie" />
    <country code="AS" iso="16" name="American Samoa" />
    <country code="AD" iso="20" name="Andorra" />
    <country code="AO" iso="24" name="Angola" />
    <country code="AI" iso="660" name="Anguilla" />
    <country code="AQ" iso="10" name="Antarctica" />
    <country code="AG" iso="28" name="Antigua og Barbuda" />
    <country code="AR" iso="32" name="Argentina" />
    <country code="AM" iso="51" name="Armenia" />
    <country code="AW" iso="533" name="Aruba" />
    <country code="AU" iso="36" name="Australia" />
    <country code="AZ" iso="31" name="Aserbajdsjan" />
    <country code="BS" iso="44" name="Bahamas" />
    <country code="BH" iso="48" name="Bahrain" />
    <country code="BD" iso="50" name="Bangladesh" />
    <country code="BB" iso="52" name="Barbados" />
    <country code="BE" iso="56" name="Belgia" />
    <country code="BZ" iso="84" name="Belize" />
    <country code="BJ" iso="204" name="Benin" />
    <country code="BM" iso="60" name="Bermuda" />
    <country code="BT" iso="64" name="Bhutan" />
    <country code="BO" iso="68" name="Bolivia" />
    <country code="BA" iso="70" name="Bosnia og Herzegovina" />
    <country code="BW" iso="72" name="Botswana" />
    <country code="BV" iso="74" name="Bouvetøya" />
    <country code="BR" iso="76" name="Brasil" />
    <country code="IO" iso="86" name="British Indian Ocean Territory" />
    <country code="BN" iso="96" name="Brunei Darussalam" />
    <country code="BG" iso="100" name="Bulgaria" />
    <country code="BF" iso="854" name="Burkina Faso" />
    <country code="BI" iso="108" name="Burundi" />
    <country code="CA" iso="124" name="Canada" />
    <country code="KY" iso="136" name="Cayman Islands" />
    <country code="TD" iso="148" name="Chad" />
    <country code="CL" iso="152" name="Chile" />
    <country code="CX" iso="162" name="Christmas Island" />
    <country code="CC" iso="166" name="Cocos (Keeling) Islands" />
    <country code="CO" iso="170" name="Colombia" />
    <country code="CK" iso="184" name="Cookøyene" />
    <country code="CR" iso="188" name="Costa Rica" />
    <country code="CI" iso="384" name="Cote D'Ivoire" />
    <country code="CU" iso="192" name="Cuba" />
    <country code="DK" iso="208" name="Danmark" />
    <country code="AE" iso="784" name="De forente arabiske emirater" />
    <country code="DO" iso="214" name="Den dominikanske republikk" />
    <country code="CD" iso="178" name="Den demokratiske republikken Kongo" />
    <country code="CF" iso="140" name="Den sentralafrikanske republikk" />
    <country code="DJ" iso="262" name="Djibouti" />
    <country code="DM" iso="212" name="Dominica" />
    <country code="EF" iso="218" name="Ecuador" />
    <country code="EG" iso="818" name="Egypt" />
    <country code="SV" iso="222" name="El Salvador" />
    <country code="GQ" iso="226" name="Ekvatorial-Guinea" />
    <country code="ER" iso="232" name="Eritrea" />
    <country code="EE" iso="233" name="Estonia" />
    <country code="ET" iso="210" name="Etiopia" />
    <country code="FK" iso="238" name="Falklandsøyene (Malvinas)" />
    <country code="FO" iso="234" name="Færøyene" />
    <country code="FJ" iso="242" name="Fiji" />
    <country code="PH" iso="608" name="Filippinene" />
    <country code="FI" iso="246" name="Finland" />
    <country code="FR" iso="250" name="France" />
    <country code="GF" iso="254" name="Fransk Guyana" />
    <country code="PF" iso="258" name="Fransk Polynesia" />
    <country code="TF" iso="260" name="Franske sørlige territorier" />
    <country code="GA" iso="266" name="Gabon" />
    <country code="GM" iso="270" name="Gambia" />
    <country code="GE" iso="268" name="Georgia" />
    <country code="GH" iso="288" name="Ghana" />
    <country code="GI" iso="292" name="Gibraltar" />
    <country code="GR" iso="300" name="Hellas" />
    <country code="BY" iso="112" name="Hviterussland" />
    <country code="GL" iso="304" name="Grønland" />
    <country code="GD" iso="308" name="Grenada" />
    <country code="GP" iso="312" name="Guadeloupe" />
    <country code="GU" iso="316" name="Guam" />
    <country code="GT" iso="320" name="Guatemala" />
    <country code="GN" iso="324" name="Guinea" />
    <country code="GW" iso="624" name="Guinea-Bissau" />
    <country code="GY" iso="328" name="Guyana" />
    <country code="HT" iso="332" name="Haiti" />
    <country code="HM" iso="334" name="Heard Island og Mcdonald Islands" />
    <country code="HN" iso="340" name="Honduras" />
    <country code="HK" iso="344" name="Hong Kong" />
    <country code="IS" iso="352" name="Island" />
    <country code="IN" iso="356" name="India" />
    <country code="ID" iso="360" name="Indonesia" />
    <country code="IR" iso="364" name="Iran" />
    <country code="IQ" iso="368" name="Irak" />
    <country code="IE" iso="372" name="Irland" />
    <country code="IL" iso="376" name="Israel" />
    <country code="IT" iso="380" name="Italia" />
    <country code="JM" iso="388" name="Jamaica" />
    <country code="JP" iso="392" name="Japan" />
    <country code="YE" iso="887" name="Jemen" />
    <country code="VG" iso="92" name="Jomfruøyene (britisk)" />
    <country code="VI" iso="850" name="Jomfruøyene (amerikanske)" />
    <country code="JO" iso="400" name="Jordan" />
    <country code="KH" iso="116" name="Kambodsja" />
    <country code="CM" iso="120" name="Kamerun" />
    <country code="CV" iso="132" name="Kapp Verde" />
    <country code="KZ" iso="398" name="Kasakhstan" />
    <country code="KE" iso="404" name="Kenya" />
    <country code="CN" iso="156" name="Kina" />
    <country code="KG" iso="417" name="Kirgisistan" />
    <country code="KI" iso="296" name="Kiribati" />
    <country code="KM" iso="174" name="Komorene" />
    <country code="CG" iso="178" name="Kongo" />
    <country code="KR" iso="410" name="Korea" />
    <country code="HR" iso="191" name="Kroatia" />
    <country code="KW" iso="414" name="Kuwait" />
    <country code="CY" iso="196" name="Kypros" />
    <country code="LA" iso="418" name="Laos" />
    <country code="LV" iso="428" name="Latvia" />
    <country code="LB" iso="422" name="Libanon" />
    <country code="LS" iso="426" name="Lesotho" />
    <country code="LR" iso="430" name="Liberia" />
    <country code="LY" iso="434" name="Libya" />
    <country code="LI" iso="438" name="Liechtenstein" />
    <country code="LT" iso="440" name="Litauen" />
    <country code="LU" iso="442" name="Luxembourg" />
    <country code="MO" iso="446" name="Macao" />
    <country code="MG" iso="450" name="Madagaskar" />
    <country code="MK" iso="807" name="Makedonia" />
    <country code="MW" iso="454" name="Malawi" />
    <country code="MY" iso="458" name="Malaysia" />
    <country code="MV" iso="462" name="Maldivene" />
    <country code="ML" iso="466" name="Mali" />
    <country code="MT" iso="470" name="Malta" />
    <country code="MH" iso="584" name="Marshalløyene" />
    <country code="MQ" iso="474" name="Martinique" />
    <country code="MR" iso="478" name="Mauretania" />
    <country code="MU" iso="480" name="Mauritius" />
    <country code="YT" iso="175" name="Mayotte" />
    <country code="MX" iso="484" name="Mexico" />
    <country code="FM" iso="583" name="Mikronesiaføderasjonen" />
    <country code="MD" iso="498" name="Moldova" />
    <country code="MC" iso="492" name="Monaco" />
    <country code="MN" iso="496" name="Mongolia" />
    <country code="ME" iso="499" name="Montenegro" />
    <country code="MS" iso="500" name="Montserrat" />
    <country code="MA" iso="504" name="Marokko" />
    <country code="MZ" iso="508" name="Mosambik" />
    <country code="MM" iso="104" name="Myanmar" />
    <country code="NA" iso="516" name="Namibia" />
    <country code="NR" iso="520" name="Nauru" />
    <country code="NP" iso="524" name="Nepal" />
    <country code="NL" iso="528" name="Nederland" />
    <country code="NZ" iso="554" name="New Zealand" />
    <country code="NI" iso="558" name="Nicaragua" />
    <country code="NE" iso="562" name="Niger" />
    <country code="NG" iso="566" name="Nigeria" />
    <country code="NU" iso="570" name="Niue" />
    <country code="NF" iso="574" name="Norfolk Island" />
    <country code="NO" iso="578" name="Norge" />
    <country code="KP" iso="408" name="Nord-Korea" />
    <country code="MP" iso="580" name="Nord-Marianene" />
    <country code="NC" iso="540" name="Ny-Caledonia" />
    <country code="OM" iso="512" name="Oman" />
    <country code="PK" iso="586" name="Pakistan" />
    <country code="PW" iso="585" name="Palau" />
    <country code="PA" iso="591" name="Panama" />
    <country code="PG" iso="598" name="Papua Ny-Guinea" />
    <country code="PY" iso="600" name="Paraguay" />
    <country code="PE" iso="604" name="Peru" />
    <country code="PN" iso="612" name="Pitcairn" />
    <country code="PL" iso="616" name="Polen" />
    <country code="PT" iso="620" name="Portugal" />
    <country code="PR" iso="630" name="Puerto Rico" />
    <country code="QA" iso="634" name="Qatar" />
    <country code="RE" iso="638" name="Reunion" />
    <country code="RO" iso="642" name="Romania" />
    <country code="RU" iso="643" name="Russland" />
    <country code="RW" iso="646" name="Rwanda" />
    <country code="SH" iso="654" name="Saint Helena" />
    <country code="KN" iso="659" name="Saint Kitts og Nevis" />
    <country code="LC" iso="662" name="Saint Lucia" />
    <country code="PM" iso="666" name="Saint Pierre og Miquelon" />
    <country code="VC" iso="670" name="Saint Vincent og Grenadinene" />
    <country code="WS" iso="882" name="Samoa" />
    <country code="SM" iso="674" name="San Marino" />
    <country code="ST" iso="678" name="São Tomé og Príncipe" />
    <country code="SA" iso="682" name="Saudi-Arabia" />
    <country code="SN" iso="686" name="Senegal" />
    <country code="RS" iso="688" name="Serbia" />
    <country code="SC" iso="690" name="Seychellene" />
    <country code="SL" iso="694" name="Sierra Leone" />
    <country code="SG" iso="702" name="Singapore" />
    <country code="SK" iso="703" name="Slovakia (Slovakiske Republikk)" />
    <country code="SI" iso="705" name="Slovenia" />
    <country code="SB" iso="90" name="Salomonøyene" />
    <country code="SO" iso="706" name="Somalia" />
    <country code="ES" iso="724" name="Spania" />
    <country code="LK" iso="144" name="Sri Lanka" />
    <country code="GB" iso="826" name="Storbritannia" />
    <country code="SD" iso="736" name="Sudan" />
    <country code="SR" iso="740" name="Surinam" />
    <country code="SJ" iso="744" name="Svalbard og Jan Mayen" />
    <country code="SE" iso="752" name="Sverige" />
    <country code="SZ" iso="748" name="Swaziland" />
    <country code="CH" iso="756" name="Sveits" />
    <country code="SY" iso="760" name="Syria" />
    <country code="ZA" iso="710" name="Sør-Afrika" />
    <country code="TJ" iso="762" name="Tadsjikistan" />
    <country code="TW" iso="158" name="Taiwan" />
    <country code="TZ" iso="834" name="Tanzania" />
    <country code="TH" iso="764" name="Thailand" />
    <country code="TG" iso="768" name="Togo" />
    <country code="TK" iso="772" name="Tokelau" />
    <country code="TO" iso="776" name="Tonga" />
    <country code="TT" iso="780" name="Trinidad og Tobago" />
    <country code="CZ" iso="203" name="Tsjekkia" />
    <country code="TN" iso="788" name="Tunisia" />
    <country code="TM" iso="795" name="Turkmenistan" />
    <country code="TC" iso="796" name="Turks- og Caicosøyene" />
    <country code="TV" iso="798" name="Tuvalu" />
    <country code="TR" iso="792" name="Tyrkia" />
    <country code="DE" iso="276" name="Tyskland" />
    <country code="UG" iso="800" name="Uganda" />
    <country code="UA" iso="804" name="Ukraina" />
    <country code="UM" iso="581" name="USAs ytre småøyer" />
    <country code="HU" iso="348" name="Ungarn" />
    <country code="US" iso="840" name="USA (Amerikas forente stater)" />
    <country code="UY" iso="858" name="Uruguay" />
    <country code="UZ" iso="860" name="Usbekistan" />
    <country code="VU" iso="548" name="Vanuatu" />
    <country code="VA" iso="336" name="Vatikanstaten (Holy See)" />
    <country code="VE" iso="862" name="Venezuela" />
    <country code="EH" iso="732" name="Vest-Sahara" />
    <country code="VN" iso="704" name="Vietnam" />
    <country code="WF" iso="876" name="Wallis og Futuna" />
    <country code="ZM" iso="894" name="Zambia" />
    <country code="ZW" iso="716" name="Zimbabwe" />
    <country code="AT" iso="40" name="Østerrike" />
    <country code="TP" iso="626" name="Øst-Timor" />
</countries>