<countries>
    <country code="FI" iso="246" name="Suomi" />   
    <country code="AF" iso="4" name="Afganistan" />
    <country code="NL" iso="528" name="Alankomaat" />
    <country code="AL" iso="8" name="Albania" />
    <country code="DZ" iso="12" name="Algeria" />
    <country code="AS" iso="16" name="Amerikan Samoa" />
    <country code="AD" iso="20" name="Andorra" />
    <country code="AO" iso="24" name="Angola" />
    <country code="AI" iso="660" name="Anguilla" />
    <country code="AQ" iso="10" name="Antarktis" />
    <country code="AG" iso="28" name="Antigua ja Barbuda" />
    <country code="AE" iso="784" name="Arabiemiirikunnat" />
    <country code="AR" iso="32" name="Argentiina" />
    <country code="AM" iso="51" name="Armenia" />
    <country code="AW" iso="533" name="Aruba" />
    <country code="AU" iso="36" name="Australia" />
    <country code="AZ" iso="31" name="Azerbaidzhan" />
    <country code="BS" iso="44" name="Bahama" />
    <country code="BH" iso="48" name="Bahrain" />
    <country code="BD" iso="50" name="Bangladesh" />
    <country code="BB" iso="52" name="Barbados" />
    <country code="BE" iso="56" name="Belgia" />
    <country code="BZ" iso="84" name="Belize" />
    <country code="BJ" iso="204" name="Benin" />
    <country code="BM" iso="60" name="Bermuda" />
    <country code="BT" iso="64" name="Bhutan" />
    <country code="BO" iso="68" name="Bolivia" />
    <country code="BA" iso="70" name="Bosnia ja Hertsegovina" />
    <country code="BW" iso="72" name="Botswana" />
    <country code="BV" iso="74" name="Bouvet'nsaari" />
    <country code="BR" iso="76" name="Brasilia" />
    <country code="IO" iso="86" name="Brittiläinen Intian valtameren alue" />
    <country code="BN" iso="96" name="Brunei" />
    <country code="BG" iso="100" name="Bulgaria" />
    <country code="BF" iso="854" name="Burkina Faso" />
    <country code="BI" iso="108" name="Burundi" />
    <country code="KY" iso="136" name="Caymansaaret" />
    <country code="TD" iso="148" name="Chad" />
    <country code="CL" iso="152" name="Chile" />
    <country code="CC" iso="166" name="Cocos (Keeling) Islands" />
    <country code="CG" iso="178" name="Congo" />
    <country code="CK" iso="184" name="Cookinsaaret" />
    <country code="CR" iso="188" name="Costa Rica" />
    <country code="DJ" iso="262" name="Djibouti" />
    <country code="DM" iso="212" name="Dominica" />
    <country code="DO" iso="214" name="Dominikaaninen tasavalta" />
    <country code="EC" iso="218" name="Ecuador" />
    <country code="EG" iso="818" name="Egypti" />
    <country code="SV" iso="222" name="El Salvadorin" />
    <country code="ER" iso="232" name="Eritrea" />
    <country code="ZA" iso="710" name="Etelä-Afrikka" />
    <country code="ET" iso="210" name="Etiopia" />
    <country code="ES" iso="724" name="Espanja" />
    <country code="FK" iso="238" name="Falklandin saaret (Malvinas)" />
    <country code="FJ" iso="242" name="Fiji" />
    <country code="PH" iso="608" name="Filippiinit" />
    <country code="FO" iso="234" name="Färsaaret" />
    <country code="GA" iso="266" name="Gabon" />
    <country code="GM" iso="270" name="Gambia" />
    <country code="GE" iso="268" name="Georgia" />
    <country code="GH" iso="288" name="Ghana" />
    <country code="GI" iso="292" name="Gibraltar" />
    <country code="GD" iso="308" name="Grenada" />
    <country code="GL" iso="304" name="Grönlanti" />
    <country code="GP" iso="312" name="Guadeloupe" />
    <country code="GU" iso="316" name="Guam" />
    <country code="GT" iso="320" name="Guatemala" />
    <country code="GN" iso="324" name="Guinea" />
    <country code="GW" iso="624" name="Guinea-Bissau" />
    <country code="GY" iso="328" name="Guyana" />
    <country code="HT" iso="332" name="Haiti" />
    <country code="HM" iso="334" name="Heard &amp; McDonaldinsaaret saaret" />
    <country code="HN" iso="340" name="Honduras" />
    <country code="HK" iso="344" name="Hong Kong" />
    <country code="IN" iso="356" name="Intia" />
    <country code="ID" iso="360" name="Indonesia" />
    <country code="IR" iso="364" name="Iranin islamilainen tasavalta" />
    <country code="IQ" iso="368" name="Irak" />
    <country code="IE" iso="372" name="Irlanti" />
    <country code="IS" iso="352" name="Islanti" />
    <country code="GB" iso="826" name="Iso-Britannia" />
    <country code="IL" iso="376" name="Israel" />
    <country code="IT" iso="380" name="Italia" />
    <country code="TP" iso="626" name="Itä-Timor" />
    <country code="AT" iso="40" name="Itävalta" />
    <country code="JM" iso="388" name="Jamaica" />
    <country code="JP" iso="392" name="Japan" />
    <country code="YE" iso="887" name="Jemen" />
    <country code="JO" iso="400" name="Jordan" />
    <country code="CX" iso="162" name="Joulusaari" />
    <country code="KH" iso="116" name="Kambodža" />
    <country code="CM" iso="120" name="Kamerun" />
    <country code="CA" iso="124" name="Kanada" />
    <country code="CV" iso="132" name="Kap Verde" />
    <country code="KZ" iso="398" name="Kazakstan" />
    <country code="KE" iso="404" name="Kenia" />
    <country code="CF" iso="140" name="Keski-Afrikkalainen tasavalta" />
    <country code="CN" iso="156" name="Kiina" />
    <country code="KG" iso="417" name="Kirgisia" />
    <country code="KI" iso="296" name="Kiribati" />
    <country code="CO" iso="170" name="Kolumbia" />
    <country code="KM" iso="174" name="Komorit" />
    <country code="CD" iso="178" name="Kongon demokraattinen tasavalta" />
    <country code="KP" iso="408" name="Korean demokraattinen kansantasavalta Of" />
    <country code="KR" iso="410" name="Korean Tasavalta" />
    <country code="GR" iso="300" name="Kreikka" />
    <country code="HR" iso="191" name="Kroatia" />
    <country code="CU" iso="192" name="Kuuba" />
    <country code="KW" iso="414" name="Kuwait" />
    <country code="CY" iso="196" name="Kypros" />
    <country code="LA" iso="418" name="Lao People's Democratic Republic" />
    <country code="LV" iso="428" name="Latvia" />
    <country code="LB" iso="422" name="Libanon" />
    <country code="LS" iso="426" name="Lesotho" />
    <country code="LR" iso="430" name="Liberia" />
    <country code="LY" iso="434" name="Libya" />
    <country code="LI" iso="438" name="Liechtenstein" />
    <country code="LT" iso="440" name="Liettua" />
    <country code="LU" iso="442" name="Luxemburg" />
    <country code="EH" iso="732" name="Länsi-Sahara" />
    <country code="MO" iso="446" name="Macao" />
    <country code="MG" iso="450" name="Madagascar" />
    <country code="MK" iso="807" name="Makedonia" />
    <country code="MW" iso="454" name="Malawi" />
    <country code="MY" iso="458" name="Malesia" />
    <country code="MV" iso="462" name="Malediivit" />
    <country code="ML" iso="466" name="Mali" />
    <country code="MT" iso="470" name="Malta" />
    <country code="MA" iso="504" name="Marokko" />
    <country code="MH" iso="584" name="Marshallinsaaret" />
    <country code="MQ" iso="474" name="Martinique" />
    <country code="MR" iso="478" name="Mauritania" />
    <country code="MU" iso="480" name="Mauritius" />
    <country code="YT" iso="175" name="Mayotte" />
    <country code="MX" iso="484" name="Meksiko" />
    <country code="FM" iso="583" name="Mikronesia" />
    <country code="MD" iso="498" name="Moldova" />
    <country code="MC" iso="492" name="Monaco" />
    <country code="MN" iso="496" name="Mongolia" />
    <country code="ME" iso="499" name="Montenegro" />
    <country code="MS" iso="500" name="Montserrat" />
    <country code="MZ" iso="508" name="Mosambik" />
    <country code="MM" iso="104" name="Myanmar" />
    <country code="NA" iso="516" name="Namibia" />
    <country code="NR" iso="520" name="Nauru" />
    <country code="VI" iso="850" name="Neitsytsaaret (USA)" />
    <country code="NP" iso="524" name="Nepal" />    
    <country code="NI" iso="558" name="Nicaragua" />
    <country code="NE" iso="562" name="Niger" />
    <country code="NG" iso="566" name="Nigeria" />
    <country code="NU" iso="570" name="Niue" />
    <country code="NF" iso="574" name="Norfolkinsaari" />
    <country code="NO" iso="578" name="Norja" />
    <country code="CI" iso="384" name="Norsunluurannikko" />
    <country code="OM" iso="512" name="Oman" />
    <country code="PK" iso="586" name="Pakistan" />
    <country code="PW" iso="585" name="Palau" />
    <country code="PA" iso="591" name="Panama" />
    <country code="PG" iso="598" name="Papua" />
    <country code="PY" iso="600" name="Paraguay" />
    <country code="PE" iso="604" name="Peru" />
    <country code="PN" iso="612" name="Pitcairn" />
    <country code="MP" iso="580" name="Pohjois-Mariaanien" />
    <country code="PT" iso="620" name="Portugali" />
    <country code="PL" iso="616" name="Puola" />
    <country code="PR" iso="630" name="Puerto Rico" />
    <country code="GQ" iso="226" name="Päiväntasaajan Guinea" />
    <country code="QA" iso="634" name="Qatar" />
    <country code="FR" iso="250" name="Ranska" />
    <country code="TF" iso="260" name="Ranskan eteläiset alueet" />
    <country code="GF" iso="254" name="Ranskan Guayana" />
    <country code="PF" iso="258" name="Ranskan Polynesian" />
    <country code="RE" iso="638" name="Reunion" />
    <country code="RO" iso="642" name="Romania" />
    <country code="RW" iso="646" name="Ruanda" />
    <country code="SE" iso="752" name="Ruotsi" />
    <country code="SH" iso="654" name="Saint Helena" />
    <country code="KN" iso="659" name="Saint Kitts ja Nevis" />
    <country code="LC" iso="662" name="Saint Lucia" />
    <country code="PM" iso="666" name="Saint-Pierre ja Miquelon" />
    <country code="VC" iso="670" name="Saint Vincent ja Grenadiinit" />
    <country code="DE" iso="276" name="Saksa" />
    <country code="SB" iso="90" name="Salomonsaaret" />
    <country code="ZM" iso="894" name="Sambia" />
    <country code="WS" iso="882" name="Samoa" />
    <country code="SM" iso="674" name="San Marino" />
    <country code="ST" iso="678" name="Sao Tome ja Principe" />
    <country code="SA" iso="682" name="Saudi-Arabia" />
    <country code="SN" iso="686" name="Senegal" />
    <country code="RS" iso="688" name="Serbia" />
    <country code="SC" iso="690" name="Seychellit" />
    <country code="SL" iso="694" name="Sierra Leone" />
    <country code="SG" iso="702" name="Singapore" />
    <country code="SK" iso="703" name="Slovakia" />
    <country code="SI" iso="705" name="Slovenia" />
    <country code="SO" iso="706" name="Somalia" />
    <country code="LK" iso="144" name="Sri Lanka" />
    <country code="SD" iso="736" name="Sudan" />
    <country code="FI" iso="246" name="Suomi" />
    <country code="SR" iso="740" name="Suriname" />
    <country code="SJ" iso="744" name="Svalbard ja Jan Mayen" />
    <country code="CH" iso="756" name="Sveitsi" />
    <country code="SZ" iso="748" name="Swazimaa" />
    <country code="SY" iso="760" name="Syyria" />
    <country code="TJ" iso="762" name="Tadžikistan" />
    <country code="TW" iso="158" name="Taiwan, Province Of Kiina" />
    <country code="TZ" iso="834" name="Tansania" />
    <country code="DK" iso="208" name="Tanska" />
    <country code="TH" iso="764" name="Thaimaa" />
    <country code="TG" iso="768" name="Togo" />
    <country code="TK" iso="772" name="Tokelau" />
    <country code="TO" iso="776" name="Tonga" />
    <country code="TT" iso="780" name="Trinidad ja Tobago" />
    <country code="CZ" iso="203" name="Tšekki" />
    <country code="TN" iso="788" name="Tunisia" />
    <country code="TR" iso="792" name="Turkki" />
    <country code="TM" iso="795" name="Turkmenistan" />
    <country code="TC" iso="796" name="Turks- ja Caicossaaret" />
    <country code="TV" iso="798" name="Tuvalu" />
    <country code="NC" iso="540" name="Uudessa-Kaledoniassa" />
    <country code="NZ" iso="554" name="Uusi-Seelanti" />
    <country code="UG" iso="800" name="Uganda" />
    <country code="UA" iso="804" name="Ukraina" />    
    <country code="HU" iso="348" name="Unkari" />
    <country code="UY" iso="858" name="Uruguay" />
    <country code="UZ" iso="860" name="Uzbekistan" />
    <country code="BY" iso="112" name="Valko-Venäjä" />
    <country code="VU" iso="548" name="Vanuatu" />
    <country code="VA" iso="336" name="Vatikaanivaltio (Pyhä)" />
    <country code="VE" iso="862" name="Venezuela" />
    <country code="RU" iso="643" name="Venäjä" />
    <country code="VN" iso="704" name="Vietnam" />
    <country code="EE" iso="233" name="Viro" />
    <country code="VG" iso="92" name="Virgin Islands (British)" />
    <country code="WF" iso="876" name="Wallis ja Futunasaaret" />
    <country code="UM" iso="581" name="Yhdysvaltain pienet erillissaaret" />
    <country code="US" iso="840" name="Yhdysvallat" />
    <country code="ZW" iso="716" name="Zimbabwe" />  
</countries>