<countries>
    <country code="SE" iso="752" name="Sverige" /> 
    <country code="AF" iso="4" name="Afghanistan" />
    <country code="AL" iso="8" name="Albania" />
    <country code="DZ" iso="12" name="Algeriet" />
    <country code="AS" iso="16" name="Amerikanska Samoa" />
    <country code="US" iso="840" name="Amerikas förenta stater" />
    <country code="AD" iso="20" name="Andorra" />
    <country code="AO" iso="24" name="Angola" />
    <country code="AI" iso="660" name="Anguilla" />
    <country code="AQ" iso="10" name="Antarktis" />
    <country code="AG" iso="28" name="Antigua och Barbuda" />
    <country code="AR" iso="32" name="Argentina" />
    <country code="AM" iso="51" name="Armenien" />
    <country code="AW" iso="533" name="Aruba" />
    <country code="AU" iso="36" name="Australia" />
    <country code="AZ" iso="31" name="Azerbajdzjan" />
    <country code="BS" iso="44" name="Bahamas" />
    <country code="BH" iso="48" name="Bahrain" />
    <country code="BD" iso="50" name="Bangladesh" />
    <country code="BB" iso="52" name="Barbados" />
    <country code="BE" iso="56" name="Belgien" />
    <country code="BZ" iso="84" name="Belize" />
    <country code="BJ" iso="204" name="Benin" />
    <country code="BM" iso="60" name="Bermuda" />
    <country code="BT" iso="64" name="Bhutan" />
    <country code="BO" iso="68" name="Bolivia" />
    <country code="BA" iso="70" name="Bosnien och Hercegovina" />
    <country code="BW" iso="72" name="Botswana" />
    <country code="BV" iso="74" name="Bouvetön" />
    <country code="BR" iso="76" name="Brasilien" />
    <country code="IO" iso="86" name="Brittiska territoriet i Indiska oceanen" />
    <country code="BN" iso="96" name="Brunei" />
    <country code="BG" iso="100" name="Bulgarien" />
    <country code="BF" iso="854" name="Burkina Faso" />
    <country code="BI" iso="108" name="Burundi" />
    <country code="CA" iso="124" name="Canada" />
    <country code="KY" iso="136" name="Caymanöarna" />
    <country code="CF" iso="140" name="Centralafrikanska republiken" />
    <country code="TD" iso="148" name="Chad" />
    <country code="CL" iso="152" name="Chile" />
    <country code="CC" iso="166" name="Cocos (Keeling) Islands" />
    <country code="CO" iso="170" name="Colombia" />
    <country code="CK" iso="184" name="Cooköarna" />
    <country code="CR" iso="188" name="Costa Rica" />
    <country code="CU" iso="192" name="Cuba" />
    <country code="CY" iso="196" name="Cypern" />
    <country code="DK" iso="208" name="Danmark" />
    <country code="DJ" iso="262" name="Djibouti" />
    <country code="DM" iso="212" name="Dominica" />
    <country code="DO" iso="214" name="Dominikanska republiken" />
    <country code="EG" iso="218" name="Ecuador" />
    <country code="EG" iso="818" name="Egypt" />
    <country code="SV" iso="222" name="El Salvador" />
    <country code="CI" iso="384" name="Elfenbenskusten" />
    <country code="GQ" iso="226" name="Ekvatorialguinea" />
    <country code="ER" iso="232" name="Eritrea" />
    <country code="EE" iso="233" name="Estland" />
    <country code="ET" iso="210" name="Etiopien" />
    <country code="FK" iso="238" name="Falklandsöarna (Malvinas)" />
    <country code="FO" iso="234" name="Färöarna" />
    <country code="FJ" iso="242" name="Fiji" />
    <country code="PH" iso="608" name="Filippinerna" />
    <country code="FI" iso="246" name="Finland" />
    <country code="FR" iso="250" name="Frankrike" />
    <country code="GF" iso="254" name="Franska Guyana" />
    <country code="PF" iso="258" name="Franska Polynesien" />
    <country code="TF" iso="260" name="Franska Sydterritorierna" />
    <country code="AE" iso="784" name="Förenade Arabemiraten" />
    <country code="UM" iso="581" name="Förenta staternas avlägset belägna öar" />
    <country code="GA" iso="266" name="Gabon" />
    <country code="GM" iso="270" name="Gambia" />
    <country code="GE" iso="268" name="Georgia" />
    <country code="GH" iso="288" name="Ghana" />
    <country code="GI" iso="292" name="Gibraltar" />
    <country code="GR" iso="300" name="Grekland" />
    <country code="GL" iso="304" name="Grönland" />
    <country code="GD" iso="308" name="Grenada" />
    <country code="GP" iso="312" name="Guadeloupe" />
    <country code="GU" iso="316" name="Guam" />
    <country code="GT" iso="320" name="Guatemala" />
    <country code="GN" iso="324" name="Guinea" />
    <country code="GW" iso="624" name="Guinea-Bissau" />
    <country code="GY" iso="328" name="Guyana" />
    <country code="HT" iso="332" name="Haiti" />
    <country code="HM" iso="334" name="Heard Island och Mcdonaldöarna" />
    <country code="HN" iso="340" name="Honduras" />
    <country code="HK" iso="344" name="Hong Kong" />
    <country code="IS" iso="352" name="Island" />
    <country code="IN" iso="356" name="Indien" />
    <country code="ID" iso="360" name="Indonesien" />
    <country code="IR" iso="364" name="Iran, Islamiska republiken" />
    <country code="IQ" iso="368" name="Irak" />
    <country code="IE" iso="372" name="Irland" />
    <country code="IL" iso="376" name="Israel" />
    <country code="IT" iso="380" name="Italien" />
    <country code="JM" iso="388" name="Jamaica" />
    <country code="JP" iso="392" name="Japan" />
    <country code="YE" iso="887" name="Jemen" />
    <country code="JO" iso="400" name="Jordan" />
    <country code="CX" iso="162" name="Julön" />
    <country code="VG" iso="92" name="Jungfruöarna (Storbritannien)" />
    <country code="VI" iso="850" name="Jungfruöarna (US)" />
    <country code="KH" iso="116" name="Kambodja" />
    <country code="CM" iso="120" name="Kamerun" />
    <country code="CV" iso="132" name="Kap Verde" />
    <country code="KZ" iso="398" name="Kazakstan" />
    <country code="KE" iso="404" name="Kenya" />
    <country code="CN" iso="156" name="Kina" />
    <country code="KG" iso="417" name="Kirgizistan" />
    <country code="KI" iso="296" name="Kiribati" />
    <country code="KM" iso="174" name="Komorerna" />
    <country code="CG" iso="178" name="Kongo" />
    <country code="CD" iso="178" name="Kongo-Kinshasa" />
    <country code="KP" iso="408" name="Korea, Demokratiska folkrepubliken av" />
    <country code="HR" iso="191" name="Kroatien (Lokal Namn: Hrvatska)" />
    <country code="KW" iso="414" name="Kuwait" />
    <country code="LA" iso="418" name="Laos Demokratiska folkrepubliken" />
    <country code="LV" iso="428" name="Lettland" />
    <country code="LB" iso="422" name="Libanon" />
    <country code="LS" iso="426" name="Lesotho" />
    <country code="LR" iso="430" name="Liberia" />
    <country code="LY" iso="434" name="Libyen" />
    <country code="LI" iso="438" name="Liechtenstein" />
    <country code="LT" iso="440" name="Litauen" />
    <country code="LU" iso="442" name="Luxemburg" />
    <country code="MO" iso="446" name="Macau" />
    <country code="MK" iso="807" name="Makedonien, fd jugoslaviska republiken" />
    <country code="MG" iso="450" name="Madagaskar" />
    <country code="MW" iso="454" name="Malawi" />
    <country code="MY" iso="458" name="Malaysia" />
    <country code="MV" iso="462" name="Maldiverna" />
    <country code="ML" iso="466" name="Mali" />
    <country code="MT" iso="470" name="Malta" />
    <country code="MA" iso="504" name="Marocko" />
    <country code="MH" iso="584" name="Marshallöarna" />
    <country code="MQ" iso="474" name="Martinique" />
    <country code="MR" iso="478" name="Mauretanien" />
    <country code="MU" iso="480" name="Mauritius" />
    <country code="YT" iso="175" name="Mayotte" />
    <country code="MX" iso="484" name="Mexico" />
    <country code="FM" iso="583" name="Mikronesien" />
    <country code="MD" iso="498" name="Moldavien" />
    <country code="MC" iso="492" name="Monaco" />
    <country code="MN" iso="496" name="Mongoliet" />
    <country code="ME" iso="499" name="Montenegro" />
    <country code="MS" iso="500" name="Montserrat" />
    <country code="MZ" iso="508" name="Mocambique" />
    <country code="MM" iso="104" name="Myanmar" />
    <country code="NA" iso="516" name="Namibia" />
    <country code="NR" iso="520" name="Nauru" />
    <country code="NP" iso="524" name="Nepal" />
    <country code="NL" iso="528" name="Nederländerna" />
    <country code="NO" iso="578" name="Norge" />
    <country code="NI" iso="558" name="Nicaragua" />
    <country code="NE" iso="562" name="Niger" />
    <country code="NG" iso="566" name="Nigeria" />
    <country code="NU" iso="570" name="Niue" />
    <country code="NF" iso="574" name="Norfolkön" />
    <country code="MP" iso="580" name="Nordmarianerna" />
    <country code="NC" iso="540" name="Nya Kaledonien" />
    <country code="NZ" iso="554" name="Nya Zeeland" />
    <country code="OM" iso="512" name="Oman" />
    <country code="PK" iso="586" name="Pakistan" />
    <country code="PW" iso="585" name="Palau" />
    <country code="PA" iso="591" name="Panama" />
    <country code="PG" iso="598" name="Papua Nya Guinea" />
    <country code="PY" iso="600" name="Paraguay" />
    <country code="PE" iso="604" name="Peru" />
    <country code="PN" iso="612" name="Pitcairn" />
    <country code="PL" iso="616" name="Polen" />
    <country code="PT" iso="620" name="Portugal" />
    <country code="PR" iso="630" name="Puerto Rico" />
    <country code="QA" iso="634" name="Qatar" />
    <country code="RE" iso="638" name="Reunion" />
    <country code="RO" iso="642" name="Rumänien" />
    <country code="RW" iso="646" name="Rwanda" />
    <country code="RU" iso="643" name="Ryssland" />
    <country code="SH" iso="654" name="Saint Helena" />
    <country code="KN" iso="659" name="Saint Kitts och Nevis" />
    <country code="LC" iso="662" name="Saint Lucia" />
    <country code="PM" iso="666" name="Saint Pierre och Miquelon" />
    <country code="VC" iso="670" name="Saint Vincent och Grenadinerna" />
    <country code="WS" iso="882" name="Samoa" />
    <country code="SM" iso="674" name="San Marino" />
    <country code="ST" iso="678" name="Sao Tomé och Principe" />
    <country code="SA" iso="682" name="Saudiarabien" />
    <country code="CH" iso="756" name="Schweiz" />
    <country code="SN" iso="686" name="Senegal" />
    <country code="RS" iso="688" name="Serbien" />
    <country code="SC" iso="690" name="Seychellerna" />
    <country code="SL" iso="694" name="Sierra Leone" />
    <country code="SG" iso="702" name="Singapore" />
    <country code="SK" iso="703" name="Slovakien (Slovakiska Republiken)" />
    <country code="SI" iso="705" name="Slovenien" />
    <country code="SB" iso="90" name="Salomonöarna" />
    <country code="SO" iso="706" name="Somalia" />
    <country code="ZA" iso="710" name="South Africa" />
    <country code="ES" iso="724" name="Spanien" />
    <country code="LK" iso="144" name="Sri Lanka" />
    <country code="GB" iso="826" name="Storbritannien" />
    <country code="SD" iso="736" name="Sudan" />
    <country code="SR" iso="740" name="Surinam" />
    <country code="SJ" iso="744" name="Svalbard och Jan Mayen" />
    <country code="SE" iso="752" name="Sverige" /> 
    <country code="SZ" iso="748" name="Swaziland" />
    <country code="KR" iso="410" name="Sydkorea" />
    <country code="SY" iso="760" name="Syrien" />
    <country code="TW" iso="158" name="Taiwan, Province Of China" />
    <country code="TJ" iso="762" name="Tadzjikistan" />
    <country code="TZ" iso="834" name="Tanzania, Förenade republiken" />
    <country code="TH" iso="764" name="Thailand" />
    <country code="TG" iso="768" name="Togo" />
    <country code="TK" iso="772" name="Tokelau" />
    <country code="TO" iso="776" name="Tonga" />
    <country code="TT" iso="780" name="Trinidad och Tobago" />
    <country code="CZ" iso="203" name="Tjeckien" />
    <country code="TN" iso="788" name="Tunisien" />
    <country code="TR" iso="792" name="Turkiet" />
    <country code="TM" iso="795" name="Turkmenistan" />
    <country code="TC" iso="796" name="Turks- och Caicosöarna" />
    <country code="TV" iso="798" name="Tuvalu" />
    <country code="DE" iso="276" name="Tyskland" />
    <country code="UG" iso="800" name="Uganda" />
    <country code="UA" iso="804" name="Ukraina" />
    <country code="HU" iso="348" name="Ungern" />
    <country code="UY" iso="858" name="Uruguay" />
    <country code="UZ" iso="860" name="Uzbekistan" />
    <country code="VU" iso="548" name="Vanuatu" />
    <country code="VA" iso="336" name="Vatikanstaten (Holy See)" />
    <country code="VE" iso="862" name="Venezuela" />
    <country code="VN" iso="704" name="Vietnam" />
    <country code="BY" iso="112" name="Vitryssland" />
    <country code="EH" iso="732" name="Västsahara" />
    <country code="WF" iso="876" name="Wallis och Futunaöarna" />
    <country code="ZM" iso="894" name="Zambia" />
    <country code="ZW" iso="716" name="Zimbabwe" />
    <country code="TP" iso="626" name="Östtimor" />
    <country code="AT" iso="40" name="Österrike" />
</countries>