<countries>
    <country code="NO" iso="578" name="Norway" />
    <country code="AF" iso="4" name="Afghanistan" />
    <country code="AL" iso="8" name="Albania" />
    <country code="DZ" iso="12" name="Algeria" />
    <country code="AS" iso="16" name="American Samoa" />
    <country code="AD" iso="20" name="Andorra" />
    <country code="AO" iso="24" name="Angola" />
    <country code="AI" iso="660" name="Anguilla" />
    <country code="AQ" iso="10" name="Antarctica" />
    <country code="AG" iso="28" name="Antigua And Barbuda" />
    <country code="AR" iso="32" name="Argentina" />
    <country code="AM" iso="51" name="Armenia" />
    <country code="AW" iso="533" name="Aruba" />
    <country code="AU" iso="36" name="Australia" />
    <country code="AT" iso="40" name="Austria" />
    <country code="AZ" iso="31" name="Azerbaijan" />
    <country code="BS" iso="44" name="Bahamas" />
    <country code="BH" iso="48" name="Bahrain" />
    <country code="BD" iso="50" name="Bangladesh" />
    <country code="BB" iso="52" name="Barbados" />
    <country code="BY" iso="112" name="Belarus" />
    <country code="BE" iso="56" name="Belgium" />
    <country code="BZ" iso="84" name="Belize" />
    <country code="BJ" iso="204" name="Benin" />
    <country code="BM" iso="60" name="Bermuda" />
    <country code="BT" iso="64" name="Bhutan" />
    <country code="BO" iso="68" name="Bolivia" />
    <country code="BA" iso="70" name="Bosnia And Herzegovina" />
    <country code="BW" iso="72" name="Botswana" />
    <country code="BV" iso="74" name="Bouvet Island" />
    <country code="BR" iso="76" name="Brazil" />
    <country code="IO" iso="86" name="British Indian Ocean Territory" />
    <country code="BN" iso="96" name="Brunei Darussalam" />
    <country code="BG" iso="100" name="Bulgaria" />
    <country code="BF" iso="854" name="Burkina Faso" />
    <country code="BI" iso="108" name="Burundi" />
    <country code="KH" iso="116" name="Cambodia" />
    <country code="CM" iso="120" name="Cameroon" />
    <country code="CA" iso="124" name="Canada" />
    <country code="CV" iso="132" name="Cape Verde" />
    <country code="KY" iso="136" name="Cayman Islands" />
    <country code="CF" iso="140" name="Central African Republic" />
    <country code="TD" iso="148" name="Chad" />
    <country code="CL" iso="152" name="Chile" />
    <country code="CN" iso="156" name="China" />
    <country code="CX" iso="162" name="Christmas Island" />
    <country code="CC" iso="166" name="Cocos (Keeling) Islands" />
    <country code="CO" iso="170" name="Colombia" />
    <country code="KM" iso="174" name="Comoros" />
    <country code="CG" iso="178" name="Congo" />
    <country code="CK" iso="184" name="Cook Islands" />
    <country code="CR" iso="188" name="Costa Rica" />
    <country code="CI" iso="384" name="Cote D'Ivoire" />
    <country code="HR" iso="191" name="Croatia (Local Name: Hrvatska)" />
    <country code="CU" iso="192" name="Cuba" />
	<country code="CW" iso="531" name="Curaçao" />
    <country code="CY" iso="196" name="Cyprus" />
    <country code="CZ" iso="203" name="Czech Republic" />
    <country code="CD" iso="180" name="Democratic Republic of the Congo" />
    <country code="DK" iso="208" name="Denmark" />
    <country code="DJ" iso="262" name="Djibouti" />
    <country code="DM" iso="212" name="Dominica" />
    <country code="DO" iso="214" name="Dominican Republic" />
    <country code="TP" iso="626" name="East Timor" />
    <country code="EC" iso="218" name="Ecuador" />
    <country code="EG" iso="818" name="Egypt" />
    <country code="SV" iso="222" name="El Salvador" />
    <country code="GQ" iso="226" name="Equatorial Guinea" />
    <country code="ER" iso="232" name="Eritrea" />
    <country code="EE" iso="233" name="Estonia" />
    <country code="ET" iso="210" name="Ethiopia" />
    <country code="FK" iso="238" name="Falkland Islands (Malvinas)" />
    <country code="FO" iso="234" name="Faroe Islands" />
    <country code="FJ" iso="242" name="Fiji" />
    <country code="FI" iso="246" name="Finland" />
    <country code="FR" iso="250" name="France" />
    <country code="GF" iso="254" name="French Guiana" />
    <country code="PF" iso="258" name="French Polynesia" />
    <country code="TF" iso="260" name="French Southern Territories" />
    <country code="GA" iso="266" name="Gabon" />
    <country code="GM" iso="270" name="Gambia" />
    <country code="GE" iso="268" name="Georgia" />
    <country code="DE" iso="276" name="Germany" />
    <country code="GH" iso="288" name="Ghana" />
    <country code="GI" iso="292" name="Gibraltar" />
    <country code="GR" iso="300" name="Greece" />
    <country code="GL" iso="304" name="Greenland" />
    <country code="GD" iso="308" name="Grenada" />
    <country code="GP" iso="312" name="Guadeloupe" />
    <country code="GU" iso="316" name="Guam" />
    <country code="GT" iso="320" name="Guatemala" />
    <country code="GG" iso="831" name="Guernsey" />
    <country code="GN" iso="324" name="Guinea" />
    <country code="GW" iso="624" name="Guinea-Bissau" />
    <country code="GY" iso="328" name="Guyana" />
    <country code="HT" iso="332" name="Haiti" />
    <country code="HM" iso="334" name="Heard Island &amp; Mcdonald Islands" />
    <country code="HN" iso="340" name="Honduras" />
    <country code="HK" iso="344" name="Hong Kong" />
    <country code="HU" iso="348" name="Hungary" />
    <country code="IS" iso="352" name="Iceland" />
    <country code="IN" iso="356" name="India" />
    <country code="ID" iso="360" name="Indonesia" />
    <country code="IR" iso="364" name="Iran, Islamic Republic Of" />
    <country code="IQ" iso="368" name="Iraq" />
    <country code="IE" iso="372" name="Ireland" />
    <country code="IM" iso="833" name="Isle of Man" />
    <country code="IL" iso="376" name="Israel" />
    <country code="IT" iso="380" name="Italy" />
    <country code="JM" iso="388" name="Jamaica" />
    <country code="JP" iso="392" name="Japan" />
    <country code="JE" iso="832" name="Jersey" />
    <country code="JO" iso="400" name="Jordan" />
    <country code="KZ" iso="398" name="Kazakhstan" />
    <country code="KE" iso="404" name="Kenya" />
    <country code="KI" iso="296" name="Kiribati" />
    <country code="KP" iso="408" name="Korea, Democratic People's Republic Of" />
    <country code="KR" iso="410" name="Korea, Republic Of" />
    <country code="KW" iso="414" name="Kuwait" />
    <country code="KG" iso="417" name="Kyrgyzstan" />
    <country code="LA" iso="418" name="Lao People's Democratic Republic" />
    <country code="LV" iso="428" name="Latvia" />
    <country code="LB" iso="422" name="Lebanon" />
    <country code="LS" iso="426" name="Lesotho" />
    <country code="LR" iso="430" name="Liberia" />
    <country code="LY" iso="434" name="Libya" />
    <country code="LI" iso="438" name="Liechtenstein" />
    <country code="LT" iso="440" name="Lithuania" />
    <country code="LU" iso="442" name="Luxembourg" />
    <country code="MO" iso="446" name="Macau" />
    <country code="MK" iso="807" name="Macedonia, The Former Yugoslav Republic Of" />
    <country code="MG" iso="450" name="Madagascar" />
    <country code="MW" iso="454" name="Malawi" />
    <country code="MY" iso="458" name="Malaysia" />
    <country code="MV" iso="462" name="Maldives" />
    <country code="ML" iso="466" name="Mali" />
    <country code="MT" iso="470" name="Malta" />
    <country code="MH" iso="584" name="Marshall Islands" />
    <country code="MQ" iso="474" name="Martinique" />
    <country code="MR" iso="478" name="Mauritania" />
    <country code="MU" iso="480" name="Mauritius" />
    <country code="YT" iso="175" name="Mayotte" />
    <country code="MX" iso="484" name="Mexico" />
    <country code="FM" iso="583" name="Micronesia, Federated States Of" />
    <country code="MD" iso="498" name="Moldova, Republic Of" />
    <country code="MC" iso="492" name="Monaco" />
    <country code="MN" iso="496" name="Mongolia" />
    <country code="ME" iso="499" name="Montenegro" />
    <country code="MS" iso="500" name="Montserrat" />
    <country code="MA" iso="504" name="Morocco" />
    <country code="MZ" iso="508" name="Mozambique" />
    <country code="MM" iso="104" name="Myanmar" />
    <country code="NA" iso="516" name="Namibia" />
    <country code="NR" iso="520" name="Nauru" />
    <country code="NP" iso="524" name="Nepal" />
    <country code="NL" iso="528" name="Netherlands" />
    <country code="NC" iso="540" name="New Caledonia" />
    <country code="NZ" iso="554" name="New Zealand" />
    <country code="NI" iso="558" name="Nicaragua" />
    <country code="NE" iso="562" name="Niger" />
    <country code="NG" iso="566" name="Nigeria" />
    <country code="NU" iso="570" name="Niue" />
    <country code="NF" iso="574" name="Norfolk Island" />
    <country code="MP" iso="580" name="Northern Mariana Islands" />
    <country code="NO" iso="578" name="Norway" />
    <country code="OM" iso="512" name="Oman" />
    <country code="PK" iso="586" name="Pakistan" />
    <country code="PW" iso="585" name="Palau" />
    <country code="PA" iso="591" name="Panama" />
    <country code="PG" iso="598" name="Papua New Guinea" />
    <country code="PY" iso="600" name="Paraguay" />
    <country code="PE" iso="604" name="Peru" />
    <country code="PH" iso="608" name="Philippines" />
    <country code="PN" iso="612" name="Pitcairn" />
    <country code="PL" iso="616" name="Poland" />
    <country code="PT" iso="620" name="Portugal" />
    <country code="PR" iso="630" name="Puerto Rico" />
    <country code="QA" iso="634" name="Qatar" />
    <country code="RE" iso="638" name="Reunion" />
    <country code="RO" iso="642" name="Romania" />
    <country code="RU" iso="643" name="Russian Federation" />
    <country code="RW" iso="646" name="Rwanda" />
    <country code="SH" iso="654" name="Saint Helena" />
    <country code="KN" iso="659" name="Saint Kitts And Nevis" />
    <country code="LC" iso="662" name="Saint Lucia" />
    <country code="PM" iso="666" name="Saint Pierre And Miquelon" />
    <country code="VC" iso="670" name="Saint Vincent And The Grenadines" />
    <country code="WS" iso="882" name="Samoa" />
    <country code="SM" iso="674" name="San Marino" />
    <country code="ST" iso="678" name="Sao Tome And Principe" />
    <country code="SA" iso="682" name="Saudi Arabia" />
    <country code="SN" iso="686" name="Senegal" />
    <country code="RS" iso="688" name="Serbia" />
    <country code="SC" iso="690" name="Seychelles" />
    <country code="SL" iso="694" name="Sierra Leone" />
    <country code="SG" iso="702" name="Singapore" />
	<country code="SX" iso="534" name="Sint Maarten" />
    <country code="SK" iso="703" name="Slovakia (Slovak Republic)" />
    <country code="SI" iso="705" name="Slovenia" />
    <country code="SB" iso="90" name="Solomon Islands" />
    <country code="SO" iso="706" name="Somalia" />
    <country code="ZA" iso="710" name="South Africa" />
	<country code="SS" iso="728" name="South Sudan" />
    <country code="ES" iso="724" name="Spain" />
    <country code="LK" iso="144" name="Sri Lanka" />
    <country code="SD" iso="736" name="Sudan" />
    <country code="SR" iso="740" name="Suriname" />
    <country code="SJ" iso="744" name="Svalbard And Jan Mayen Islands" />
    <country code="SZ" iso="748" name="Swaziland" />
    <country code="SE" iso="752" name="Sweden" />
    <country code="CH" iso="756" name="Switzerland" />
    <country code="SY" iso="760" name="Syrian Arab Republic" />
    <country code="TW" iso="158" name="Taiwan, Province Of China" />
    <country code="TJ" iso="762" name="Tajikistan" />
    <country code="TZ" iso="834" name="Tanzania, United Republic Of" />
    <country code="TH" iso="764" name="Thailand" />
    <country code="TG" iso="768" name="Togo" />
    <country code="TK" iso="772" name="Tokelau" />
    <country code="TO" iso="776" name="Tonga" />
    <country code="TT" iso="780" name="Trinidad And Tobago" />
    <country code="TN" iso="788" name="Tunisia" />
    <country code="TR" iso="792" name="Turkey" />
    <country code="TM" iso="795" name="Turkmenistan" />
    <country code="TC" iso="796" name="Turks And Caicos Islands" />
    <country code="TV" iso="798" name="Tuvalu" />
    <country code="UG" iso="800" name="Uganda" />
    <country code="UA" iso="804" name="Ukraine" />
    <country code="AE" iso="784" name="United Arab Emirates" />
    <country code="GB" iso="826" name="United Kingdom" />
    <country code="UM" iso="581" name="United States Minor Outlying Islands" />
    <country code="US" iso="840" name="United States of America" />
    <country code="UY" iso="858" name="Uruguay" />
    <country code="UZ" iso="860" name="Uzbekistan" />
    <country code="VU" iso="548" name="Vanuatu" />
    <country code="VA" iso="336" name="Vatican City State (Holy See)" />
    <country code="VE" iso="862" name="Venezuela" />
    <country code="VN" iso="704" name="Vietnam" />
    <country code="VG" iso="92" name="Virgin Islands (British)" />
    <country code="VI" iso="850" name="Virgin Islands (U.S.)" />
    <country code="WF" iso="876" name="Wallis And Futuna Islands" />
    <country code="EH" iso="732" name="Western Sahara" />
    <country code="YE" iso="887" name="Yemen" />
    <country code="ZM" iso="894" name="Zambia" />
    <country code="ZW" iso="716" name="Zimbabwe" />
</countries>
